not blocked,blocked,|,dm,follow,memes,funny,lifestyle,post,business,daily,remov,fan,content,dose,enquiries,ad,creator,clips,promo,üìç,france,backup,admin,inquiries,tik,influencer,4k,tips,collab,tok,viral,hacked,feed,relatable,curator,ads,positivity,reels,goal,0k,1k,2k,3k,5k,6k,7k,8k,9k,investor,crypto,bitcoin,trades,entrepreneur,study,üîû,fitness,weightlift,model,exercise,language
0,1,1,0,1,1,1,1,0,0,0,0,0,0,0,0,0,0,0,0,0,0,0,0,0,0,0,0,0,0,0,0,0,0,0,0,0,0,0,0,0,0,0,0,0,0,0,0,0,0,0,0,0,0,0,0,0,0,0,0,0
1,1,1,0,1,1,1,1,0,0,0,0,0,0,0,0,0,0,0,0,0,0,0,0,0,0,0,0,0,0,0,0,0,0,0,0,0,0,0,0,0,0,0,0,0,0,0,0,0,0,0,0,0,0,0,0,0,0,0,0,0
2,1,1,0,1,1,1,1,0,0,0,0,0,0,0,0,0,0,0,0,0,0,0,0,0,0,0,0,0,0,0,0,0,0,0,0,0,0,0,0,0,0,0,0,0,0,0,0,0,0,0,0,0,0,0,0,0,0,0,0,0
3,1,1,0,1,1,1,1,0,0,0,0,0,0,0,0,0,0,0,0,0,0,0,0,0,0,0,0,0,0,0,0,0,0,0,0,0,0,0,0,0,0,0,0,0,0,0,0,0,0,0,0,0,0,0,0,0,0,0,0,0
3,2,1,0,1,2,1,1,0,1,0,0,0,0,0,0,0,0,0,0,0,0,0,0,0,0,0,0,0,0,0,0,0,0,0,0,0,0,0,0,0,0,0,0,0,0,0,0,0,0,0,0,0,0,0,0,0,0,0,0,0
3,3,1,0,1,2,1,1,0,1,0,0,1,0,0,0,1,0,0,0,0,1,0,0,0,0,0,0,0,0,0,0,0,0,0,0,0,0,0,0,0,0,0,0,0,0,0,0,0,0,0,0,0,0,0,0,0,0,0,0,0
4,3,1,0,1,2,1,1,0,1,0,0,1,0,0,0,1,0,0,0,0,1,0,0,0,0,0,0,0,0,0,0,0,0,0,0,0,0,0,0,0,0,0,0,0,0,0,0,0,0,0,0,0,0,0,0,0,0,0,0,0
4,4,2,0,1,2,1,1,0,1,0,0,1,0,0,0,1,1,0,0,0,1,0,0,0,0,0,0,0,0,0,0,0,0,0,0,0,0,0,0,0,0,0,0,0,0,0,0,0,0,0,0,0,0,0,0,0,0,0,0,0
4,5,3,0,1,2,1,1,0,1,0,0,1,0,0,0,1,2,0,0,0,1,0,0,0,0,0,0,0,0,0,0,0,0,0,0,0,0,0,0,0,0,0,0,0,0,0,0,0,0,0,0,0,0,0,0,0,0,0,0,0
4,6,4,0,1,2,1,1,0,1,0,0,1,0,0,0,1,2,0,0,0,1,0,0,0,0,0,0,0,0,0,0,0,0,0,0,0,0,0,0,0,0,0,0,0,0,0,0,0,0,0,0,0,0,0,0,0,0,0,0,0
5,6,4,0,1,2,1,1,0,1,0,0,1,0,0,0,1,2,0,0,0,1,0,0,0,0,0,0,0,0,0,0,0,0,0,0,0,0,0,0,0,0,0,0,0,0,0,0,0,0,0,0,0,0,0,0,0,0,0,0,0
6,6,4,0,1,2,1,1,0,1,0,0,1,0,0,0,1,2,0,0,0,1,0,0,0,0,0,0,0,0,0,0,0,0,0,0,0,0,0,0,0,0,0,0,0,0,0,0,0,0,0,0,0,0,0,0,0,0,0,0,0
7,6,4,0,1,2,1,1,0,1,0,0,1,0,0,0,1,2,0,0,0,1,0,0,0,0,0,0,0,0,0,0,0,0,0,0,0,0,0,0,0,0,0,0,0,0,0,0,0,0,0,0,0,0,0,0,0,0,0,0,0
8,6,4,0,1,2,1,1,0,1,0,0,1,0,0,0,1,2,0,0,0,1,0,0,0,0,0,0,0,0,0,0,0,0,0,0,0,0,0,0,0,0,0,0,0,0,0,0,0,0,0,0,0,0,0,0,0,0,0,0,0
9,6,4,0,1,2,1,1,0,1,0,0,1,0,0,0,1,2,0,0,0,1,0,0,0,0,0,0,0,0,0,0,0,0,0,0,0,0,0,0,0,0,0,0,0,0,0,0,0,0,0,0,0,0,0,0,0,0,0,0,0
10,6,4,0,1,2,1,1,0,1,0,0,1,0,0,0,1,2,0,0,0,1,0,0,0,0,0,0,0,0,0,0,0,0,0,0,0,0,0,0,0,0,0,0,0,0,0,0,0,0,0,0,0,0,0,0,0,0,0,0,0
11,6,4,0,1,2,1,1,0,1,0,0,1,0,0,0,1,2,0,0,0,1,0,0,0,0,0,0,0,0,0,0,0,0,0,0,0,0,0,0,0,0,0,0,0,0,0,0,0,0,0,0,0,0,0,0,0,0,0,0,0
12,6,4,0,1,2,1,1,0,1,0,0,1,0,0,0,1,2,0,0,0,1,0,0,0,0,0,0,0,0,0,0,0,0,0,0,0,0,0,0,0,0,0,0,0,0,0,0,0,0,0,0,0,0,0,0,0,0,0,0,0
12,7,4,1,2,2,1,1,0,1,0,0,1,0,0,0,1,2,1,1,0,1,0,0,0,0,0,0,0,0,0,0,0,0,0,0,0,0,0,0,0,0,0,0,0,0,0,0,0,0,0,0,0,0,0,0,0,0,0,0,0
12,8,4,2,3,2,1,1,0,1,0,0,1,0,0,0,1,2,2,2,0,1,0,0,0,0,0,0,0,0,0,0,0,0,0,0,0,0,0,0,0,0,0,0,0,0,0,0,0,0,0,0,0,0,0,0,0,0,0,0,0
13,8,4,2,3,2,1,1,0,1,0,0,1,0,0,0,1,2,2,2,0,1,0,0,0,0,0,0,0,0,0,0,0,0,0,0,0,0,0,0,0,0,0,0,0,0,0,0,0,0,0,0,0,0,0,0,0,0,0,0,0
14,8,4,2,3,2,1,1,0,1,0,0,1,0,0,0,1,2,2,2,0,1,0,0,0,0,0,0,0,0,0,0,0,0,0,0,0,0,0,0,0,0,0,0,0,0,0,0,0,0,0,0,0,0,0,0,0,0,0,0,0
15,8,4,2,3,2,1,1,0,1,0,0,1,0,0,0,1,2,2,2,0,1,0,0,0,0,0,0,0,0,0,0,0,0,0,0,0,0,0,0,0,0,0,0,0,0,0,0,0,0,0,0,0,0,0,0,0,0,0,0,0
16,8,4,2,3,2,1,1,0,1,0,0,1,0,0,0,1,2,2,2,0,1,0,0,0,0,0,0,0,0,0,0,0,0,0,0,0,0,0,0,0,0,0,0,0,0,0,0,0,0,0,0,0,0,0,0,0,0,0,0,0
16,9,5,2,4,3,2,2,0,1,0,0,1,0,0,0,1,2,2,2,0,1,0,0,0,0,0,0,0,0,0,0,0,0,0,0,0,0,0,0,0,0,0,0,0,0,0,0,0,0,0,0,0,0,0,0,0,0,0,0,0
17,9,5,2,4,3,2,2,0,1,0,0,1,0,0,0,1,2,2,2,0,1,0,0,0,0,0,0,0,0,0,0,0,0,0,0,0,0,0,0,0,0,0,0,0,0,0,0,0,0,0,0,0,0,0,0,0,0,0,0,0
18,9,5,2,4,3,2,2,0,1,0,0,1,0,0,0,1,2,2,2,0,1,0,0,0,0,0,0,0,0,0,0,0,0,0,0,0,0,0,0,0,0,0,0,0,0,0,0,0,0,0,0,0,0,0,0,0,0,0,0,0
19,9,5,2,4,3,2,2,0,1,0,0,1,0,0,0,1,2,2,2,0,1,0,0,0,0,0,0,0,0,0,0,0,0,0,0,0,0,0,0,0,0,0,0,0,0,0,0,0,0,0,0,0,0,0,0,0,0,0,0,0
20,9,5,2,4,3,2,2,0,1,0,0,1,0,0,0,1,2,2,2,0,1,0,0,0,0,0,0,0,0,0,0,0,0,0,0,0,0,0,0,0,0,0,0,0,0,0,0,0,0,0,0,0,0,0,0,0,0,0,0,0
20,10,6,2,5,4,3,3,0,1,0,0,1,0,0,0,1,2,2,2,0,1,0,0,0,0,0,0,0,0,0,0,0,0,0,0,0,0,0,0,0,0,0,0,0,0,0,0,0,0,0,0,0,0,0,0,0,0,0,0,0
20,11,6,2,5,4,3,3,1,1,0,0,1,0,0,0,1,2,2,2,0,1,0,0,0,0,0,0,0,0,0,0,0,0,0,0,0,0,0,0,0,0,0,0,0,0,0,0,0,0,0,0,0,0,0,0,0,0,0,0,0
21,11,6,2,5,4,3,3,1,1,0,0,1,0,0,0,1,2,2,2,0,1,0,0,0,0,0,0,0,0,0,0,0,0,0,0,0,0,0,0,0,0,0,0,0,0,0,0,0,0,0,0,0,0,0,0,0,0,0,0,0
21,12,6,2,5,4,3,3,1,1,0,0,1,0,0,0,1,2,2,2,0,1,0,0,0,1,0,0,0,0,1,0,0,0,0,0,0,0,0,0,0,0,0,0,0,0,0,0,0,0,0,0,0,0,0,0,0,0,0,0,0
22,12,6,2,5,4,3,3,1,1,0,0,1,0,0,0,1,2,2,2,0,1,0,0,0,1,0,0,0,0,1,0,0,0,0,0,0,0,0,0,0,0,0,0,0,0,0,0,0,0,0,0,0,0,0,0,0,0,0,0,0
22,13,7,2,5,4,3,3,1,1,0,0,1,0,0,0,1,2,2,2,0,1,0,0,0,1,0,0,0,0,1,0,0,0,0,0,0,0,0,0,0,0,0,0,0,0,0,0,0,0,0,0,0,0,0,0,0,0,0,0,0
22,14,8,2,5,4,3,3,1,1,0,0,1,0,0,0,1,2,2,2,0,1,0,0,0,1,0,0,0,0,1,0,0,0,0,0,0,0,0,0,0,0,0,0,0,0,0,0,0,0,0,0,0,0,0,0,0,0,0,0,0
23,14,8,2,5,4,3,3,1,1,0,0,1,0,0,0,1,2,2,2,0,1,0,0,0,1,0,0,0,0,1,0,0,0,0,0,0,0,0,0,0,0,0,0,0,0,0,0,0,0,0,0,0,0,0,0,0,0,0,0,0
24,14,8,2,5,4,3,3,1,1,0,0,1,0,0,0,1,2,2,2,0,1,0,0,0,1,0,0,0,0,1,0,0,0,0,0,0,0,0,0,0,0,0,0,0,0,0,0,0,0,0,0,0,0,0,0,0,0,0,0,0
25,14,8,2,5,4,3,3,1,1,0,0,1,0,0,0,1,2,2,2,0,1,0,0,0,1,0,0,0,0,1,0,0,0,0,0,0,0,0,0,0,0,0,0,0,0,0,0,0,0,0,0,0,0,0,0,0,0,0,0,0
25,15,8,3,5,4,3,3,1,1,0,0,1,0,0,0,1,2,2,2,0,1,0,0,0,1,0,0,0,0,1,0,0,0,0,0,0,0,0,0,0,0,0,0,0,0,0,0,0,0,0,0,0,0,0,0,0,0,0,0,0
25,16,8,4,5,4,3,3,1,1,0,0,1,0,0,0,1,2,2,2,0,1,0,0,0,1,0,0,0,0,1,0,0,0,0,0,0,0,0,0,0,0,0,0,0,0,0,0,0,0,0,0,0,0,0,0,0,0,0,0,0
25,17,8,5,5,4,3,3,1,1,0,0,1,0,0,0,1,2,2,2,0,1,0,0,0,1,0,0,0,0,1,0,0,0,0,0,0,0,0,0,0,0,0,0,0,0,0,0,0,0,0,0,0,0,0,0,0,0,0,0,0
26,17,8,5,5,4,3,3,1,1,0,0,1,0,0,0,1,2,2,2,0,1,0,0,0,1,0,0,0,0,1,0,0,0,0,0,0,0,0,0,0,0,0,0,0,0,0,0,0,0,0,0,0,0,0,0,0,0,0,0,0
26,18,8,5,5,5,3,3,1,1,0,0,1,0,0,0,1,2,2,2,0,1,0,0,0,1,0,0,0,0,1,0,0,0,0,0,0,0,0,0,0,0,0,0,0,0,0,0,0,0,0,0,0,0,0,0,0,0,0,0,0
27,18,8,5,5,5,3,3,1,1,0,0,1,0,0,0,1,2,2,2,0,1,0,0,0,1,0,0,0,0,1,0,0,0,0,0,0,0,0,0,0,0,0,0,0,0,0,0,0,0,0,0,0,0,0,0,0,0,0,0,0
28,18,8,5,5,5,3,3,1,1,0,0,1,0,0,0,1,2,2,2,0,1,0,0,0,1,0,0,0,0,1,0,0,0,0,0,0,0,0,0,0,0,0,0,0,0,0,0,0,0,0,0,0,0,0,0,0,0,0,0,0
29,18,8,5,5,5,3,3,1,1,0,0,1,0,0,0,1,2,2,2,0,1,0,0,0,1,0,0,0,0,1,0,0,0,0,0,0,0,0,0,0,0,0,0,0,0,0,0,0,0,0,0,0,0,0,0,0,0,0,0,0
30,18,8,5,5,5,3,3,1,1,0,0,1,0,0,0,1,2,2,2,0,1,0,0,0,1,0,0,0,0,1,0,0,0,0,0,0,0,0,0,0,0,0,0,0,0,0,0,0,0,0,0,0,0,0,0,0,0,0,0,0
31,18,8,5,5,5,3,3,1,1,0,0,1,0,0,0,1,2,2,2,0,1,0,0,0,1,0,0,0,0,1,0,0,0,0,0,0,0,0,0,0,0,0,0,0,0,0,0,0,0,0,0,0,0,0,0,0,0,0,0,0
32,18,8,5,5,5,3,3,1,1,0,0,1,0,0,0,1,2,2,2,0,1,0,0,0,1,0,0,0,0,1,0,0,0,0,0,0,0,0,0,0,0,0,0,0,0,0,0,0,0,0,0,0,0,0,0,0,0,0,0,0
33,18,8,5,5,5,3,3,1,1,0,0,1,0,0,0,1,2,2,2,0,1,0,0,0,1,0,0,0,0,1,0,0,0,0,0,0,0,0,0,0,0,0,0,0,0,0,0,0,0,0,0,0,0,0,0,0,0,0,0,0
34,18,8,5,5,5,3,3,1,1,0,0,1,0,0,0,1,2,2,2,0,1,0,0,0,1,0,0,0,0,1,0,0,0,0,0,0,0,0,0,0,0,0,0,0,0,0,0,0,0,0,0,0,0,0,0,0,0,0,0,0
34,19,9,5,5,5,3,3,1,1,0,0,1,0,0,0,1,2,2,2,0,1,0,0,0,1,0,0,0,0,1,0,0,0,0,0,0,0,0,0,0,0,0,0,0,0,0,0,0,0,0,0,0,0,0,0,0,0,0,0,0
34,20,10,5,5,5,3,3,1,1,0,0,1,0,0,0,1,2,2,2,0,1,0,0,0,1,0,0,0,0,1,0,0,0,0,0,0,0,0,0,0,0,0,0,0,0,0,0,0,0,0,0,0,0,0,0,0,0,0,0,0
35,20,10,5,5,5,3,3,1,1,0,0,1,0,0,0,1,2,2,2,0,1,0,0,0,1,0,0,0,0,1,0,0,0,0,0,0,0,0,0,0,0,0,0,0,0,0,0,0,0,0,0,0,0,0,0,0,0,0,0,0
36,20,10,5,5,5,3,3,1,1,0,0,1,0,0,0,1,2,2,2,0,1,0,0,0,1,0,0,0,0,1,0,0,0,0,0,0,0,0,0,0,0,0,0,0,0,0,0,0,0,0,0,0,0,0,0,0,0,0,0,0
37,20,10,5,5,5,3,3,1,1,0,0,1,0,0,0,1,2,2,2,0,1,0,0,0,1,0,0,0,0,1,0,0,0,0,0,0,0,0,0,0,0,0,0,0,0,0,0,0,0,0,0,0,0,0,0,0,0,0,0,0
37,21,10,6,5,6,3,3,1,1,0,0,1,0,0,0,2,2,2,2,0,1,0,0,0,1,0,0,1,0,1,0,0,0,0,0,0,0,0,0,0,0,0,0,0,0,0,0,0,0,0,0,0,0,0,0,0,0,0,0,0
37,22,10,7,5,7,3,3,1,1,0,0,1,0,0,0,3,2,2,2,0,1,0,0,0,1,0,0,2,0,1,0,0,0,0,0,0,0,0,0,0,0,0,0,0,0,0,0,0,0,0,0,0,0,0,0,0,0,0,0,0
37,23,11,7,5,7,3,3,1,1,0,0,1,0,0,0,3,3,2,2,0,1,0,0,0,1,0,0,2,0,1,0,0,0,0,0,0,0,0,0,0,0,0,0,0,0,0,0,0,0,0,0,0,0,0,0,0,0,0,0,0
38,23,11,7,5,7,3,3,1,1,0,0,1,0,0,0,3,3,2,2,0,1,0,0,0,1,0,0,2,0,1,0,0,0,0,0,0,0,0,0,0,0,0,0,0,0,0,0,0,0,0,0,0,0,0,0,0,0,0,0,0
39,23,11,7,5,7,3,3,1,1,0,0,1,0,0,0,3,3,2,2,0,1,0,0,0,1,0,0,2,0,1,0,0,0,0,0,0,0,0,0,0,0,0,0,0,0,0,0,0,0,0,0,0,0,0,0,0,0,0,0,0
39,24,12,7,6,8,4,4,1,1,0,0,1,0,0,0,3,3,2,2,0,1,0,0,0,1,0,0,2,0,1,0,0,0,0,0,0,0,0,0,0,0,0,0,0,0,0,0,0,0,0,0,0,0,0,0,0,0,0,0,0
39,25,13,7,7,9,5,5,1,1,0,0,1,0,0,0,3,3,2,2,0,1,0,0,0,1,0,0,2,0,1,0,0,0,0,0,0,0,0,0,0,0,0,0,0,0,0,0,0,0,0,0,0,0,0,0,0,0,0,0,0
40,25,13,7,7,9,5,5,1,1,0,0,1,0,0,0,3,3,2,2,0,1,0,0,0,1,0,0,2,0,1,0,0,0,0,0,0,0,0,0,0,0,0,0,0,0,0,0,0,0,0,0,0,0,0,0,0,0,0,0,0
40,26,14,7,7,9,5,5,1,1,0,0,1,0,0,0,4,3,2,2,0,1,0,0,0,1,0,0,2,0,1,0,0,0,0,0,0,0,0,0,0,0,0,0,0,0,0,0,0,0,0,0,0,0,0,0,0,0,0,0,0
41,26,14,7,7,9,5,5,1,1,0,0,1,0,0,0,4,3,2,2,0,1,0,0,0,1,0,0,2,0,1,0,0,0,0,0,0,0,0,0,0,0,0,0,0,0,0,0,0,0,0,0,0,0,0,0,0,0,0,0,0
42,26,14,7,7,9,5,5,1,1,0,0,1,0,0,0,4,3,2,2,0,1,0,0,0,1,0,0,2,0,1,0,0,0,0,0,0,0,0,0,0,0,0,0,0,0,0,0,0,0,0,0,0,0,0,0,0,0,0,0,0
42,27,14,7,7,9,5,5,1,1,0,0,1,0,0,0,4,3,3,2,0,1,0,0,0,1,0,0,2,0,1,0,0,0,0,0,0,0,0,0,0,0,0,0,0,0,0,0,0,0,0,0,0,0,0,0,0,0,0,0,0
43,27,14,7,7,9,5,5,1,1,0,0,1,0,0,0,4,3,3,2,0,1,0,0,0,1,0,0,2,0,1,0,0,0,0,0,0,0,0,0,0,0,0,0,0,0,0,0,0,0,0,0,0,0,0,0,0,0,0,0,0
43,28,15,7,8,10,6,6,1,1,0,0,1,0,0,0,4,3,3,2,0,1,0,0,0,1,0,0,2,0,1,0,0,0,0,0,0,0,0,0,0,0,0,0,0,0,0,0,0,0,0,0,0,0,0,0,0,0,0,0,0
44,28,15,7,8,10,6,6,1,1,0,0,1,0,0,0,4,3,3,2,0,1,0,0,0,1,0,0,2,0,1,0,0,0,0,0,0,0,0,0,0,0,0,0,0,0,0,0,0,0,0,0,0,0,0,0,0,0,0,0,0
45,28,15,7,8,10,6,6,1,1,0,0,1,0,0,0,4,3,3,2,0,1,0,0,0,1,0,0,2,0,1,0,0,0,0,0,0,0,0,0,0,0,0,0,0,0,0,0,0,0,0,0,0,0,0,0,0,0,0,0,0
46,28,15,7,8,10,6,6,1,1,0,0,1,0,0,0,4,3,3,2,0,1,0,0,0,1,0,0,2,0,1,0,0,0,0,0,0,0,0,0,0,0,0,0,0,0,0,0,0,0,0,0,0,0,0,0,0,0,0,0,0
47,28,15,7,8,10,6,6,1,1,0,0,1,0,0,0,4,3,3,2,0,1,0,0,0,1,0,0,2,0,1,0,0,0,0,0,0,0,0,0,0,0,0,0,0,0,0,0,0,0,0,0,0,0,0,0,0,0,0,0,0
48,28,15,7,8,10,6,6,1,1,0,0,1,0,0,0,4,3,3,2,0,1,0,0,0,1,0,0,2,0,1,0,0,0,0,0,0,0,0,0,0,0,0,0,0,0,0,0,0,0,0,0,0,0,0,0,0,0,0,0,0
49,28,15,7,8,10,6,6,1,1,0,0,1,0,0,0,4,3,3,2,0,1,0,0,0,1,0,0,2,0,1,0,0,0,0,0,0,0,0,0,0,0,0,0,0,0,0,0,0,0,0,0,0,0,0,0,0,0,0,0,0
49,29,15,8,8,10,6,6,1,1,0,0,1,0,0,0,4,3,3,2,0,1,0,0,0,1,0,0,2,1,1,0,0,0,0,0,0,0,0,0,0,0,0,0,0,0,0,0,0,0,0,0,0,0,0,0,0,0,0,0,0
49,30,15,8,8,10,6,6,1,1,0,0,1,0,0,0,4,3,3,3,0,1,0,0,0,1,0,0,2,1,1,0,0,0,0,0,0,0,0,0,0,0,0,0,0,0,0,0,0,0,0,0,0,0,0,0,0,0,0,0,0
50,30,15,8,8,10,6,6,1,1,0,0,1,0,0,0,4,3,3,3,0,1,0,0,0,1,0,0,2,1,1,0,0,0,0,0,0,0,0,0,0,0,0,0,0,0,0,0,0,0,0,0,0,0,0,0,0,0,0,0,0
50,31,15,8,8,10,6,6,1,1,0,0,2,0,0,0,4,3,3,3,0,1,0,0,0,1,0,0,2,1,1,0,0,0,0,0,0,0,0,0,0,0,0,0,0,0,0,0,0,0,0,0,0,0,0,0,0,0,0,0,0
51,31,15,8,8,10,6,6,1,1,0,0,2,0,0,0,4,3,3,3,0,1,0,0,0,1,0,0,2,1,1,0,0,0,0,0,0,0,0,0,0,0,0,0,0,0,0,0,0,0,0,0,0,0,0,0,0,0,0,0,0
52,31,15,8,8,10,6,6,1,1,0,0,2,0,0,0,4,3,3,3,0,1,0,0,0,1,0,0,2,1,1,0,0,0,0,0,0,0,0,0,0,0,0,0,0,0,0,0,0,0,0,0,0,0,0,0,0,0,0,0,0
53,31,15,8,8,10,6,6,1,1,0,0,2,0,0,0,4,3,3,3,0,1,0,0,0,1,0,0,2,1,1,0,0,0,0,0,0,0,0,0,0,0,0,0,0,0,0,0,0,0,0,0,0,0,0,0,0,0,0,0,0
54,31,15,8,8,10,6,6,1,1,0,0,2,0,0,0,4,3,3,3,0,1,0,0,0,1,0,0,2,1,1,0,0,0,0,0,0,0,0,0,0,0,0,0,0,0,0,0,0,0,0,0,0,0,0,0,0,0,0,0,0
55,31,15,8,8,10,6,6,1,1,0,0,2,0,0,0,4,3,3,3,0,1,0,0,0,1,0,0,2,1,1,0,0,0,0,0,0,0,0,0,0,0,0,0,0,0,0,0,0,0,0,0,0,0,0,0,0,0,0,0,0
56,31,15,8,8,10,6,6,1,1,0,0,2,0,0,0,4,3,3,3,0,1,0,0,0,1,0,0,2,1,1,0,0,0,0,0,0,0,0,0,0,0,0,0,0,0,0,0,0,0,0,0,0,0,0,0,0,0,0,0,0
56,32,15,9,8,10,6,6,1,1,0,0,2,0,0,0,4,3,3,3,0,1,0,0,0,1,0,0,2,1,1,0,0,0,0,0,0,0,0,0,0,0,0,0,0,0,0,0,0,0,0,0,0,0,0,0,0,0,0,0,0
57,32,15,9,8,10,6,6,1,1,0,0,2,0,0,0,4,3,3,3,0,1,0,0,0,1,0,0,2,1,1,0,0,0,0,0,0,0,0,0,0,0,0,0,0,0,0,0,0,0,0,0,0,0,0,0,0,0,0,0,0
58,32,15,9,8,10,6,6,1,1,0,0,2,0,0,0,4,3,3,3,0,1,0,0,0,1,0,0,2,1,1,0,0,0,0,0,0,0,0,0,0,0,0,0,0,0,0,0,0,0,0,0,0,0,0,0,0,0,0,0,0
58,33,15,10,8,10,6,6,1,1,0,0,2,0,0,0,4,3,3,3,0,1,0,0,0,1,0,0,2,1,1,0,0,0,0,0,0,0,0,0,0,0,0,0,0,0,0,0,0,0,0,0,0,0,0,0,0,0,0,0,0
59,33,15,10,8,10,6,6,1,1,0,0,2,0,0,0,4,3,3,3,0,1,0,0,0,1,0,0,2,1,1,0,0,0,0,0,0,0,0,0,0,0,0,0,0,0,0,0,0,0,0,0,0,0,0,0,0,0,0,0,0
60,33,15,10,8,10,6,6,1,1,0,0,2,0,0,0,4,3,3,3,0,1,0,0,0,1,0,0,2,1,1,0,0,0,0,0,0,0,0,0,0,0,0,0,0,0,0,0,0,0,0,0,0,0,0,0,0,0,0,0,0
61,33,15,10,8,10,6,6,1,1,0,0,2,0,0,0,4,3,3,3,0,1,0,0,0,1,0,0,2,1,1,0,0,0,0,0,0,0,0,0,0,0,0,0,0,0,0,0,0,0,0,0,0,0,0,0,0,0,0,0,0
62,33,15,10,8,10,6,6,1,1,0,0,2,0,0,0,4,3,3,3,0,1,0,0,0,1,0,0,2,1,1,0,0,0,0,0,0,0,0,0,0,0,0,0,0,0,0,0,0,0,0,0,0,0,0,0,0,0,0,0,0
63,33,15,10,8,10,6,6,1,1,0,0,2,0,0,0,4,3,3,3,0,1,0,0,0,1,0,0,2,1,1,0,0,0,0,0,0,0,0,0,0,0,0,0,0,0,0,0,0,0,0,0,0,0,0,0,0,0,0,0,0
64,33,15,10,8,10,6,6,1,1,0,0,2,0,0,0,4,3,3,3,0,1,0,0,0,1,0,0,2,1,1,0,0,0,0,0,0,0,0,0,0,0,0,0,0,0,0,0,0,0,0,0,0,0,0,0,0,0,0,0,0
65,33,15,10,8,10,6,6,1,1,0,0,2,0,0,0,4,3,3,3,0,1,0,0,0,1,0,0,2,1,1,0,0,0,0,0,0,0,0,0,0,0,0,0,0,0,0,0,0,0,0,0,0,0,0,0,0,0,0,0,0
66,33,15,10,8,10,6,6,1,1,0,0,2,0,0,0,4,3,3,3,0,1,0,0,0,1,0,0,2,1,1,0,0,0,0,0,0,0,0,0,0,0,0,0,0,0,0,0,0,0,0,0,0,0,0,0,0,0,0,0,0
66,34,16,10,8,10,6,6,1,1,0,0,2,0,0,0,4,3,3,3,0,1,0,0,0,1,0,0,2,1,1,0,0,0,0,0,0,0,0,0,0,0,0,0,0,0,0,0,0,0,0,0,0,0,0,0,0,0,0,0,0
67,34,16,10,8,10,6,6,1,1,0,0,2,0,0,0,4,3,3,3,0,1,0,0,0,1,0,0,2,1,1,0,0,0,0,0,0,0,0,0,0,0,0,0,0,0,0,0,0,0,0,0,0,0,0,0,0,0,0,0,0
68,34,16,10,8,10,6,6,1,1,0,0,2,0,0,0,4,3,3,3,0,1,0,0,0,1,0,0,2,1,1,0,0,0,0,0,0,0,0,0,0,0,0,0,0,0,0,0,0,0,0,0,0,0,0,0,0,0,0,0,0
69,34,16,10,8,10,6,6,1,1,0,0,2,0,0,0,4,3,3,3,0,1,0,0,0,1,0,0,2,1,1,0,0,0,0,0,0,0,0,0,0,0,0,0,0,0,0,0,0,0,0,0,0,0,0,0,0,0,0,0,0
70,34,16,10,8,10,6,6,1,1,0,0,2,0,0,0,4,3,3,3,0,1,0,0,0,1,0,0,2,1,1,0,0,0,0,0,0,0,0,0,0,0,0,0,0,0,0,0,0,0,0,0,0,0,0,0,0,0,0,0,0
70,35,17,10,8,10,6,6,1,1,0,0,2,0,0,0,4,3,3,3,0,1,0,0,0,1,0,0,2,1,1,0,0,0,0,0,0,0,0,0,0,0,0,0,0,0,0,0,0,0,0,0,0,0,0,0,0,0,0,0,0
71,35,17,10,8,10,6,6,1,1,0,0,2,0,0,0,4,3,3,3,0,1,0,0,0,1,0,0,2,1,1,0,0,0,0,0,0,0,0,0,0,0,0,0,0,0,0,0,0,0,0,0,0,0,0,0,0,0,0,0,0
72,35,17,10,8,10,6,6,1,1,0,0,2,0,0,0,4,3,3,3,0,1,0,0,0,1,0,0,2,1,1,0,0,0,0,0,0,0,0,0,0,0,0,0,0,0,0,0,0,0,0,0,0,0,0,0,0,0,0,0,0
72,36,18,10,8,10,6,6,1,1,0,0,2,0,0,0,4,3,3,3,0,1,0,0,0,2,0,0,2,1,1,0,0,0,0,0,0,0,0,0,0,0,0,0,0,0,0,0,0,0,0,0,0,0,0,0,0,0,0,0,0
73,36,18,10,8,10,6,6,1,1,0,0,2,0,0,0,4,3,3,3,0,1,0,0,0,2,0,0,2,1,1,0,0,0,0,0,0,0,0,0,0,0,0,0,0,0,0,0,0,0,0,0,0,0,0,0,0,0,0,0,0
74,36,18,10,8,10,6,6,1,1,0,0,2,0,0,0,4,3,3,3,0,1,0,0,0,2,0,0,2,1,1,0,0,0,0,0,0,0,0,0,0,0,0,0,0,0,0,0,0,0,0,0,0,0,0,0,0,0,0,0,0
75,36,18,10,8,10,6,6,1,1,0,0,2,0,0,0,4,3,3,3,0,1,0,0,0,2,0,0,2,1,1,0,0,0,0,0,0,0,0,0,0,0,0,0,0,0,0,0,0,0,0,0,0,0,0,0,0,0,0,0,0
76,36,18,10,8,10,6,6,1,1,0,0,2,0,0,0,4,3,3,3,0,1,0,0,0,2,0,0,2,1,1,0,0,0,0,0,0,0,0,0,0,0,0,0,0,0,0,0,0,0,0,0,0,0,0,0,0,0,0,0,0
77,36,18,10,8,10,6,6,1,1,0,0,2,0,0,0,4,3,3,3,0,1,0,0,0,2,0,0,2,1,1,0,0,0,0,0,0,0,0,0,0,0,0,0,0,0,0,0,0,0,0,0,0,0,0,0,0,0,0,0,0
78,36,18,10,8,10,6,6,1,1,0,0,2,0,0,0,4,3,3,3,0,1,0,0,0,2,0,0,2,1,1,0,0,0,0,0,0,0,0,0,0,0,0,0,0,0,0,0,0,0,0,0,0,0,0,0,0,0,0,0,0
79,36,18,10,8,10,6,6,1,1,0,0,2,0,0,0,4,3,3,3,0,1,0,0,0,2,0,0,2,1,1,0,0,0,0,0,0,0,0,0,0,0,0,0,0,0,0,0,0,0,0,0,0,0,0,0,0,0,0,0,0
79,37,18,11,8,10,6,6,1,1,0,0,2,0,0,0,4,3,3,3,0,1,0,0,0,2,0,0,2,1,1,0,0,0,0,0,0,0,0,0,0,0,0,0,0,0,0,0,0,0,0,0,0,0,0,0,0,0,0,0,0
80,37,18,11,8,10,6,6,1,1,0,0,2,0,0,0,4,3,3,3,0,1,0,0,0,2,0,0,2,1,1,0,0,0,0,0,0,0,0,0,0,0,0,0,0,0,0,0,0,0,0,0,0,0,0,0,0,0,0,0,0
80,38,19,11,9,11,7,7,1,1,0,0,2,0,0,0,4,3,3,3,0,1,0,0,0,2,0,0,2,1,1,0,0,0,0,0,0,0,0,0,0,0,0,0,0,0,0,0,0,0,0,0,0,0,0,0,0,0,0,0,0
80,39,19,11,9,11,7,7,1,1,0,0,2,0,0,0,4,4,3,3,0,1,1,0,0,2,0,1,2,1,1,0,0,0,0,0,0,0,0,0,0,0,0,0,0,0,0,0,0,0,0,0,0,0,0,0,0,0,0,0,0
81,39,19,11,9,11,7,7,1,1,0,0,2,0,0,0,4,4,3,3,0,1,1,0,0,2,0,1,2,1,1,0,0,0,0,0,0,0,0,0,0,0,0,0,0,0,0,0,0,0,0,0,0,0,0,0,0,0,0,0,0
82,39,19,11,9,11,7,7,1,1,0,0,2,0,0,0,4,4,3,3,0,1,1,0,0,2,0,1,2,1,1,0,0,0,0,0,0,0,0,0,0,0,0,0,0,0,0,0,0,0,0,0,0,0,0,0,0,0,0,0,0
83,39,19,11,9,11,7,7,1,1,0,0,2,0,0,0,4,4,3,3,0,1,1,0,0,2,0,1,2,1,1,0,0,0,0,0,0,0,0,0,0,0,0,0,0,0,0,0,0,0,0,0,0,0,0,0,0,0,0,0,0
84,39,19,11,9,11,7,7,1,1,0,0,2,0,0,0,4,4,3,3,0,1,1,0,0,2,0,1,2,1,1,0,0,0,0,0,0,0,0,0,0,0,0,0,0,0,0,0,0,0,0,0,0,0,0,0,0,0,0,0,0
85,39,19,11,9,11,7,7,1,1,0,0,2,0,0,0,4,4,3,3,0,1,1,0,0,2,0,1,2,1,1,0,0,0,0,0,0,0,0,0,0,0,0,0,0,0,0,0,0,0,0,0,0,0,0,0,0,0,0,0,0
85,40,19,11,9,11,7,7,1,1,0,0,2,0,0,0,4,4,3,3,1,1,1,0,0,2,0,1,2,1,1,0,0,0,0,0,0,0,0,0,0,0,0,0,0,0,0,0,0,0,0,0,0,0,0,0,0,0,0,0,0
86,40,19,11,9,11,7,7,1,1,0,0,2,0,0,0,4,4,3,3,1,1,1,0,0,2,0,1,2,1,1,0,0,0,0,0,0,0,0,0,0,0,0,0,0,0,0,0,0,0,0,0,0,0,0,0,0,0,0,0,0
87,40,19,11,9,11,7,7,1,1,0,0,2,0,0,0,4,4,3,3,1,1,1,0,0,2,0,1,2,1,1,0,0,0,0,0,0,0,0,0,0,0,0,0,0,0,0,0,0,0,0,0,0,0,0,0,0,0,0,0,0
88,40,19,11,9,11,7,7,1,1,0,0,2,0,0,0,4,4,3,3,1,1,1,0,0,2,0,1,2,1,1,0,0,0,0,0,0,0,0,0,0,0,0,0,0,0,0,0,0,0,0,0,0,0,0,0,0,0,0,0,0
88,41,20,11,9,11,7,7,1,1,1,0,2,1,0,0,4,4,3,3,1,1,1,0,0,2,0,1,2,1,1,0,0,0,0,0,0,0,0,0,0,0,0,0,0,0,0,0,0,0,0,0,0,0,0,0,0,0,0,0,0
89,41,20,11,9,11,7,7,1,1,1,0,2,1,0,0,4,4,3,3,1,1,1,0,0,2,0,1,2,1,1,0,0,0,0,0,0,0,0,0,0,0,0,0,0,0,0,0,0,0,0,0,0,0,0,0,0,0,0,0,0
90,41,20,11,9,11,7,7,1,1,1,0,2,1,0,0,4,4,3,3,1,1,1,0,0,2,0,1,2,1,1,0,0,0,0,0,0,0,0,0,0,0,0,0,0,0,0,0,0,0,0,0,0,0,0,0,0,0,0,0,0
91,41,20,11,9,11,7,7,1,1,1,0,2,1,0,0,4,4,3,3,1,1,1,0,0,2,0,1,2,1,1,0,0,0,0,0,0,0,0,0,0,0,0,0,0,0,0,0,0,0,0,0,0,0,0,0,0,0,0,0,0
91,42,21,12,9,11,7,7,1,1,1,1,2,1,0,0,4,4,3,3,1,1,1,0,0,2,0,1,2,1,1,0,0,0,0,0,0,0,0,0,0,0,0,0,0,0,0,0,0,0,0,0,0,0,0,0,0,0,0,0,0
91,43,22,13,9,11,7,7,1,1,1,2,2,1,0,0,4,4,3,3,1,1,1,0,0,2,0,1,2,1,1,0,0,0,0,0,0,0,0,0,0,0,0,0,0,0,0,0,0,0,0,0,0,0,0,0,0,0,0,0,0
91,44,23,13,9,11,7,7,1,1,1,2,2,1,0,0,4,4,3,3,1,1,1,0,0,2,0,1,2,1,1,0,0,0,0,0,0,0,0,0,0,0,0,0,0,0,0,0,0,0,0,0,0,0,0,0,0,0,0,0,0
91,45,24,13,9,11,7,7,1,1,2,2,2,2,0,0,4,4,3,3,1,1,1,0,0,2,0,1,2,1,1,0,0,0,0,0,0,0,0,0,0,0,0,0,0,0,0,0,0,0,0,0,0,0,0,0,0,0,0,0,0
91,46,25,13,9,11,7,7,1,1,3,2,2,3,0,0,4,4,3,3,1,1,1,0,0,2,0,1,2,1,1,0,0,0,0,0,0,0,0,0,0,0,0,0,0,0,0,0,0,0,0,0,0,0,0,0,0,0,0,0,0
92,46,25,13,9,11,7,7,1,1,3,2,2,3,0,0,4,4,3,3,1,1,1,0,0,2,0,1,2,1,1,0,0,0,0,0,0,0,0,0,0,0,0,0,0,0,0,0,0,0,0,0,0,0,0,0,0,0,0,0,0
93,46,25,13,9,11,7,7,1,1,3,2,2,3,0,0,4,4,3,3,1,1,1,0,0,2,0,1,2,1,1,0,0,0,0,0,0,0,0,0,0,0,0,0,0,0,0,0,0,0,0,0,0,0,0,0,0,0,0,0,0
94,46,25,13,9,11,7,7,1,1,3,2,2,3,0,0,4,4,3,3,1,1,1,0,0,2,0,1,2,1,1,0,0,0,0,0,0,0,0,0,0,0,0,0,0,0,0,0,0,0,0,0,0,0,0,0,0,0,0,0,0
95,46,25,13,9,11,7,7,1,1,3,2,2,3,0,0,4,4,3,3,1,1,1,0,0,2,0,1,2,1,1,0,0,0,0,0,0,0,0,0,0,0,0,0,0,0,0,0,0,0,0,0,0,0,0,0,0,0,0,0,0
96,46,25,13,9,11,7,7,1,1,3,2,2,3,0,0,4,4,3,3,1,1,1,0,0,2,0,1,2,1,1,0,0,0,0,0,0,0,0,0,0,0,0,0,0,0,0,0,0,0,0,0,0,0,0,0,0,0,0,0,0
97,46,25,13,9,11,7,7,1,1,3,2,2,3,0,0,4,4,3,3,1,1,1,0,0,2,0,1,2,1,1,0,0,0,0,0,0,0,0,0,0,0,0,0,0,0,0,0,0,0,0,0,0,0,0,0,0,0,0,0,0
98,46,25,13,9,11,7,7,1,1,3,2,2,3,0,0,4,4,3,3,1,1,1,0,0,2,0,1,2,1,1,0,0,0,0,0,0,0,0,0,0,0,0,0,0,0,0,0,0,0,0,0,0,0,0,0,0,0,0,0,0
98,47,26,13,9,11,7,7,1,1,3,2,2,3,0,0,4,4,3,3,1,1,1,0,0,2,0,1,2,1,1,0,0,0,0,0,0,0,0,0,0,0,0,0,0,0,0,0,0,0,0,0,0,0,0,0,0,0,0,0,0
99,47,26,13,9,11,7,7,1,1,3,2,2,3,0,0,4,4,3,3,1,1,1,0,0,2,0,1,2,1,1,0,0,0,0,0,0,0,0,0,0,0,0,0,0,0,0,0,0,0,0,0,0,0,0,0,0,0,0,0,0
100,47,26,13,9,11,7,7,1,1,3,2,2,3,0,0,4,4,3,3,1,1,1,0,0,2,0,1,2,1,1,0,0,0,0,0,0,0,0,0,0,0,0,0,0,0,0,0,0,0,0,0,0,0,0,0,0,0,0,0,0
100,48,27,14,9,11,7,7,1,2,4,2,2,3,1,1,4,4,3,3,1,1,1,0,0,2,0,1,2,1,1,0,0,0,0,0,0,0,0,0,0,0,0,0,0,0,0,0,0,0,0,0,0,0,0,0,0,0,0,0,0
100,49,28,15,9,11,7,7,1,3,5,2,2,3,2,2,4,4,3,3,1,1,1,0,0,2,0,1,2,1,1,0,0,0,0,0,0,0,0,0,0,0,0,0,0,0,0,0,0,0,0,0,0,0,0,0,0,0,0,0,0
100,50,29,16,9,11,7,7,1,4,6,2,2,3,3,3,4,4,3,3,1,1,1,0,0,2,0,1,2,1,1,0,0,0,0,0,0,0,0,0,0,0,0,0,0,0,0,0,0,0,0,0,0,0,0,0,0,0,0,0,0
100,51,30,17,9,11,7,7,1,5,7,2,2,3,4,4,4,4,3,3,1,1,1,0,0,2,0,1,2,1,1,0,0,0,0,0,0,0,0,0,0,0,0,0,0,0,0,0,0,0,0,0,0,0,0,0,0,0,0,0,0
100,52,31,18,9,11,7,7,1,6,8,2,2,3,5,5,4,4,3,3,1,1,1,0,0,2,0,1,2,1,1,0,0,0,0,0,0,0,0,0,0,0,0,0,0,0,0,0,0,0,0,0,0,0,0,0,0,0,0,0,0
101,52,31,18,9,11,7,7,1,6,8,2,2,3,5,5,4,4,3,3,1,1,1,0,0,2,0,1,2,1,1,0,0,0,0,0,0,0,0,0,0,0,0,0,0,0,0,0,0,0,0,0,0,0,0,0,0,0,0,0,0
102,52,31,18,9,11,7,7,1,6,8,2,2,3,5,5,4,4,3,3,1,1,1,0,0,2,0,1,2,1,1,0,0,0,0,0,0,0,0,0,0,0,0,0,0,0,0,0,0,0,0,0,0,0,0,0,0,0,0,0,0
102,53,31,19,9,11,7,7,1,6,8,2,2,3,5,5,4,4,3,3,1,1,1,0,0,2,0,1,2,1,1,0,0,0,0,0,0,0,0,0,0,0,0,0,0,0,0,0,0,0,0,0,0,0,0,0,0,0,0,0,0
103,53,31,19,9,11,7,7,1,6,8,2,2,3,5,5,4,4,3,3,1,1,1,0,0,2,0,1,2,1,1,0,0,0,0,0,0,0,0,0,0,0,0,0,0,0,0,0,0,0,0,0,0,0,0,0,0,0,0,0,0
104,53,31,19,9,11,7,7,1,6,8,2,2,3,5,5,4,4,3,3,1,1,1,0,0,2,0,1,2,1,1,0,0,0,0,0,0,0,0,0,0,0,0,0,0,0,0,0,0,0,0,0,0,0,0,0,0,0,0,0,0
105,53,31,19,9,11,7,7,1,6,8,2,2,3,5,5,4,4,3,3,1,1,1,0,0,2,0,1,2,1,1,0,0,0,0,0,0,0,0,0,0,0,0,0,0,0,0,0,0,0,0,0,0,0,0,0,0,0,0,0,0
106,53,31,19,9,11,7,7,1,6,8,2,2,3,5,5,4,4,3,3,1,1,1,0,0,2,0,1,2,1,1,0,0,0,0,0,0,0,0,0,0,0,0,0,0,0,0,0,0,0,0,0,0,0,0,0,0,0,0,0,0
106,54,32,19,9,11,7,7,1,6,8,2,2,3,5,5,4,4,3,3,1,1,1,0,0,2,0,1,2,1,1,0,0,0,0,0,0,0,0,0,0,0,0,0,0,0,0,0,0,0,0,0,0,0,0,0,0,0,0,0,0
107,54,32,19,9,11,7,7,1,6,8,2,2,3,5,5,4,4,3,3,1,1,1,0,0,2,0,1,2,1,1,0,0,0,0,0,0,0,0,0,0,0,0,0,0,0,0,0,0,0,0,0,0,0,0,0,0,0,0,0,0
108,54,32,19,9,11,7,7,1,6,8,2,2,3,5,5,4,4,3,3,1,1,1,0,0,2,0,1,2,1,1,0,0,0,0,0,0,0,0,0,0,0,0,0,0,0,0,0,0,0,0,0,0,0,0,0,0,0,0,0,0
109,54,32,19,9,11,7,7,1,6,8,2,2,3,5,5,4,4,3,3,1,1,1,0,0,2,0,1,2,1,1,0,0,0,0,0,0,0,0,0,0,0,0,0,0,0,0,0,0,0,0,0,0,0,0,0,0,0,0,0,0
110,54,32,19,9,11,7,7,1,6,8,2,2,3,5,5,4,4,3,3,1,1,1,0,0,2,0,1,2,1,1,0,0,0,0,0,0,0,0,0,0,0,0,0,0,0,0,0,0,0,0,0,0,0,0,0,0,0,0,0,0
110,55,32,19,9,11,7,7,1,6,8,2,3,3,5,5,4,4,3,3,1,1,1,0,0,2,0,1,2,1,1,0,0,0,0,0,0,0,0,0,0,0,0,0,0,0,0,0,0,0,0,0,0,0,0,0,0,0,0,0,0
111,55,32,19,9,11,7,7,1,6,8,2,3,3,5,5,4,4,3,3,1,1,1,0,0,2,0,1,2,1,1,0,0,0,0,0,0,0,0,0,0,0,0,0,0,0,0,0,0,0,0,0,0,0,0,0,0,0,0,0,0
112,55,32,19,9,11,7,7,1,6,8,2,3,3,5,5,4,4,3,3,1,1,1,0,0,2,0,1,2,1,1,0,0,0,0,0,0,0,0,0,0,0,0,0,0,0,0,0,0,0,0,0,0,0,0,0,0,0,0,0,0
113,55,32,19,9,11,7,7,1,6,8,2,3,3,5,5,4,4,3,3,1,1,1,0,0,2,0,1,2,1,1,0,0,0,0,0,0,0,0,0,0,0,0,0,0,0,0,0,0,0,0,0,0,0,0,0,0,0,0,0,0
114,55,32,19,9,11,7,7,1,6,8,2,3,3,5,5,4,4,3,3,1,1,1,0,0,2,0,1,2,1,1,0,0,0,0,0,0,0,0,0,0,0,0,0,0,0,0,0,0,0,0,0,0,0,0,0,0,0,0,0,0
115,55,32,19,9,11,7,7,1,6,8,2,3,3,5,5,4,4,3,3,1,1,1,0,0,2,0,1,2,1,1,0,0,0,0,0,0,0,0,0,0,0,0,0,0,0,0,0,0,0,0,0,0,0,0,0,0,0,0,0,0
116,55,32,19,9,11,7,7,1,6,8,2,3,3,5,5,4,4,3,3,1,1,1,0,0,2,0,1,2,1,1,0,0,0,0,0,0,0,0,0,0,0,0,0,0,0,0,0,0,0,0,0,0,0,0,0,0,0,0,0,0
117,55,32,19,9,11,7,7,1,6,8,2,3,3,5,5,4,4,3,3,1,1,1,0,0,2,0,1,2,1,1,0,0,0,0,0,0,0,0,0,0,0,0,0,0,0,0,0,0,0,0,0,0,0,0,0,0,0,0,0,0
118,55,32,19,9,11,7,7,1,6,8,2,3,3,5,5,4,4,3,3,1,1,1,0,0,2,0,1,2,1,1,0,0,0,0,0,0,0,0,0,0,0,0,0,0,0,0,0,0,0,0,0,0,0,0,0,0,0,0,0,0
118,56,32,19,10,11,7,7,1,7,8,2,3,3,5,5,4,4,3,3,1,1,1,0,0,2,0,1,2,1,1,0,0,0,0,0,0,0,0,0,0,0,0,0,0,0,0,0,0,0,0,0,0,0,0,0,0,0,0,0,0
118,57,33,19,10,11,7,7,1,7,8,2,3,3,5,5,4,4,3,3,1,1,1,0,0,2,0,1,2,1,1,0,0,0,0,0,0,0,0,0,0,0,0,0,0,0,0,0,0,0,0,0,0,0,0,0,0,0,0,0,0
118,58,34,20,10,11,7,7,1,7,8,3,3,3,5,5,4,4,3,3,1,1,1,0,0,2,0,1,2,1,1,0,0,0,0,0,0,0,0,0,0,0,0,0,0,0,0,0,0,0,0,0,0,0,0,0,0,0,0,0,0
119,58,34,20,10,11,7,7,1,7,8,3,3,3,5,5,4,4,3,3,1,1,1,0,0,2,0,1,2,1,1,0,0,0,0,0,0,0,0,0,0,0,0,0,0,0,0,0,0,0,0,0,0,0,0,0,0,0,0,0,0
119,59,35,20,11,12,8,8,1,7,8,3,3,3,5,5,4,4,3,3,1,1,1,0,0,2,0,1,2,1,1,0,0,0,0,0,0,0,0,0,0,0,0,0,0,0,0,0,0,0,0,0,0,0,0,0,0,0,0,0,0
119,60,36,20,12,13,9,9,1,7,8,3,3,3,5,5,4,4,3,3,1,1,1,0,0,2,0,1,2,1,1,0,0,0,0,0,0,0,0,0,0,0,0,0,0,0,0,0,0,0,0,0,0,0,0,0,0,0,0,0,0
119,61,37,20,12,13,9,9,1,7,8,3,3,3,5,5,4,4,3,3,1,1,1,0,0,2,0,1,2,1,1,0,0,0,0,0,0,0,0,0,0,0,0,0,0,0,0,0,0,0,0,0,0,0,0,0,0,0,0,0,0
120,61,37,20,12,13,9,9,1,7,8,3,3,3,5,5,4,4,3,3,1,1,1,0,0,2,0,1,2,1,1,0,0,0,0,0,0,0,0,0,0,0,0,0,0,0,0,0,0,0,0,0,0,0,0,0,0,0,0,0,0
121,61,37,20,12,13,9,9,1,7,8,3,3,3,5,5,4,4,3,3,1,1,1,0,0,2,0,1,2,1,1,0,0,0,0,0,0,0,0,0,0,0,0,0,0,0,0,0,0,0,0,0,0,0,0,0,0,0,0,0,0
122,61,37,20,12,13,9,9,1,7,8,3,3,3,5,5,4,4,3,3,1,1,1,0,0,2,0,1,2,1,1,0,0,0,0,0,0,0,0,0,0,0,0,0,0,0,0,0,0,0,0,0,0,0,0,0,0,0,0,0,0
123,61,37,20,12,13,9,9,1,7,8,3,3,3,5,5,4,4,3,3,1,1,1,0,0,2,0,1,2,1,1,0,0,0,0,0,0,0,0,0,0,0,0,0,0,0,0,0,0,0,0,0,0,0,0,0,0,0,0,0,0
124,61,37,20,12,13,9,9,1,7,8,3,3,3,5,5,4,4,3,3,1,1,1,0,0,2,0,1,2,1,1,0,0,0,0,0,0,0,0,0,0,0,0,0,0,0,0,0,0,0,0,0,0,0,0,0,0,0,0,0,0
124,62,38,20,12,13,9,9,1,7,8,3,3,3,5,5,4,4,3,3,1,1,1,0,0,2,0,1,2,1,1,0,0,0,0,0,0,0,0,0,0,0,0,0,0,0,0,0,0,0,0,0,0,0,0,0,0,0,0,0,0
124,63,39,20,12,13,9,9,1,7,8,3,3,3,5,5,4,4,3,3,1,1,1,0,0,2,0,1,2,1,1,0,0,0,0,0,0,0,0,0,0,0,0,0,0,0,0,0,0,0,0,0,0,0,0,0,0,0,0,0,0
125,63,39,20,12,13,9,9,1,7,8,3,3,3,5,5,4,4,3,3,1,1,1,0,0,2,0,1,2,1,1,0,0,0,0,0,0,0,0,0,0,0,0,0,0,0,0,0,0,0,0,0,0,0,0,0,0,0,0,0,0
126,63,39,20,12,13,9,9,1,7,8,3,3,3,5,5,4,4,3,3,1,1,1,0,0,2,0,1,2,1,1,0,0,0,0,0,0,0,0,0,0,0,0,0,0,0,0,0,0,0,0,0,0,0,0,0,0,0,0,0,0
126,64,39,20,12,13,9,9,1,7,8,3,3,3,5,5,4,4,3,3,1,2,1,0,0,2,0,1,2,1,1,0,0,0,0,0,0,0,0,0,0,0,0,0,0,0,0,0,0,0,0,0,0,0,0,0,0,0,0,0,0
126,65,39,20,12,13,9,9,1,7,8,3,3,3,5,5,4,4,3,3,1,3,1,0,0,2,0,1,2,1,1,0,0,0,0,0,0,0,0,0,0,0,0,0,0,0,0,0,0,0,0,0,0,0,0,0,0,0,0,0,0
127,65,39,20,12,13,9,9,1,7,8,3,3,3,5,5,4,4,3,3,1,3,1,0,0,2,0,1,2,1,1,0,0,0,0,0,0,0,0,0,0,0,0,0,0,0,0,0,0,0,0,0,0,0,0,0,0,0,0,0,0
127,66,40,20,13,14,10,10,1,7,8,3,3,3,5,5,4,4,3,3,1,3,1,0,0,2,0,1,2,1,1,0,0,0,0,0,0,0,0,0,0,0,0,0,0,0,0,0,0,0,0,0,0,0,0,0,0,0,0,0,0
127,67,41,20,14,15,11,11,1,7,8,3,3,3,5,5,4,4,3,3,1,3,1,0,0,2,0,1,2,1,1,0,0,0,0,0,0,0,0,0,0,0,0,0,0,0,0,0,0,0,0,0,0,0,0,0,0,0,0,0,0
127,68,42,20,14,15,11,11,1,7,8,3,3,3,5,5,4,4,3,3,1,3,1,0,0,2,0,1,2,1,1,0,0,0,0,0,0,0,0,0,0,0,0,0,0,0,0,0,0,0,0,0,0,0,0,0,0,0,0,0,0
127,69,42,21,15,15,11,11,1,7,8,4,4,4,5,5,4,4,3,3,1,3,1,0,1,2,0,1,2,1,1,0,0,0,0,0,0,0,0,0,0,0,0,0,0,0,0,0,0,0,0,0,0,0,0,0,0,0,0,0,0
127,70,42,22,16,15,11,11,1,7,8,5,5,5,5,5,4,4,3,3,1,3,1,0,2,2,0,1,2,1,1,0,0,0,0,0,0,0,0,0,0,0,0,0,0,0,0,0,0,0,0,0,0,0,0,0,0,0,0,0,0
128,70,42,22,16,15,11,11,1,7,8,5,5,5,5,5,4,4,3,3,1,3,1,0,2,2,0,1,2,1,1,0,0,0,0,0,0,0,0,0,0,0,0,0,0,0,0,0,0,0,0,0,0,0,0,0,0,0,0,0,0
128,71,43,22,16,15,11,11,1,7,8,5,5,5,5,5,4,4,3,3,1,3,1,0,2,2,0,1,2,1,1,0,0,0,0,0,0,0,0,0,0,0,0,0,0,0,0,0,0,0,0,0,0,0,0,0,0,0,0,0,0
129,71,43,22,16,15,11,11,1,7,8,5,5,5,5,5,4,4,3,3,1,3,1,0,2,2,0,1,2,1,1,0,0,0,0,0,0,0,0,0,0,0,0,0,0,0,0,0,0,0,0,0,0,0,0,0,0,0,0,0,0
129,72,43,22,16,15,11,11,2,7,8,5,5,5,5,5,4,4,3,3,1,3,1,0,2,2,0,1,2,1,1,0,0,0,0,0,0,0,0,0,0,0,0,0,0,0,0,0,0,0,0,0,0,0,0,0,0,0,0,0,0
130,72,43,22,16,15,11,11,2,7,8,5,5,5,5,5,4,4,3,3,1,3,1,0,2,2,0,1,2,1,1,0,0,0,0,0,0,0,0,0,0,0,0,0,0,0,0,0,0,0,0,0,0,0,0,0,0,0,0,0,0
131,72,43,22,16,15,11,11,2,7,8,5,5,5,5,5,4,4,3,3,1,3,1,0,2,2,0,1,2,1,1,0,0,0,0,0,0,0,0,0,0,0,0,0,0,0,0,0,0,0,0,0,0,0,0,0,0,0,0,0,0
131,73,43,22,16,16,11,11,2,7,8,5,5,5,5,5,4,4,3,3,1,3,1,0,2,2,0,2,2,1,1,0,0,0,0,0,0,0,0,0,0,0,0,0,0,0,0,0,0,0,0,0,0,0,0,0,0,0,0,0,0
132,73,43,22,16,16,11,11,2,7,8,5,5,5,5,5,4,4,3,3,1,3,1,0,2,2,0,2,2,1,1,0,0,0,0,0,0,0,0,0,0,0,0,0,0,0,0,0,0,0,0,0,0,0,0,0,0,0,0,0,0
133,73,43,22,16,16,11,11,2,7,8,5,5,5,5,5,4,4,3,3,1,3,1,0,2,2,0,2,2,1,1,0,0,0,0,0,0,0,0,0,0,0,0,0,0,0,0,0,0,0,0,0,0,0,0,0,0,0,0,0,0
134,73,43,22,16,16,11,11,2,7,8,5,5,5,5,5,4,4,3,3,1,3,1,0,2,2,0,2,2,1,1,0,0,0,0,0,0,0,0,0,0,0,0,0,0,0,0,0,0,0,0,0,0,0,0,0,0,0,0,0,0
134,74,43,22,16,16,11,11,2,7,8,5,5,5,5,5,4,4,3,3,2,3,1,0,2,2,0,2,2,1,1,0,0,0,0,0,0,0,0,0,0,0,0,0,0,0,0,0,0,0,0,0,0,0,0,0,0,0,0,0,0
134,75,43,22,16,16,11,11,2,7,8,5,5,5,5,5,5,4,3,3,2,3,1,0,2,2,0,2,2,1,1,0,0,0,0,0,0,0,0,0,0,0,0,0,0,0,0,0,0,0,0,0,0,0,0,0,0,0,0,0,0
135,75,43,22,16,16,11,11,2,7,8,5,5,5,5,5,5,4,3,3,2,3,1,0,2,2,0,2,2,1,1,0,0,0,0,0,0,0,0,0,0,0,0,0,0,0,0,0,0,0,0,0,0,0,0,0,0,0,0,0,0
135,76,44,23,16,16,11,11,2,7,8,6,5,5,5,5,5,4,3,3,2,3,1,0,2,2,0,2,2,1,1,0,0,0,0,0,0,0,0,0,0,0,0,0,0,0,0,0,0,0,0,0,0,0,0,0,0,0,0,0,0
136,76,44,23,16,16,11,11,2,7,8,6,5,5,5,5,5,4,3,3,2,3,1,0,2,2,0,2,2,1,1,0,0,0,0,0,0,0,0,0,0,0,0,0,0,0,0,0,0,0,0,0,0,0,0,0,0,0,0,0,0
137,76,44,23,16,16,11,11,2,7,8,6,5,5,5,5,5,4,3,3,2,3,1,0,2,2,0,2,2,1,1,0,0,0,0,0,0,0,0,0,0,0,0,0,0,0,0,0,0,0,0,0,0,0,0,0,0,0,0,0,0
138,76,44,23,16,16,11,11,2,7,8,6,5,5,5,5,5,4,3,3,2,3,1,0,2,2,0,2,2,1,1,0,0,0,0,0,0,0,0,0,0,0,0,0,0,0,0,0,0,0,0,0,0,0,0,0,0,0,0,0,0
138,77,44,23,16,16,11,11,2,7,8,6,5,5,5,5,5,4,3,3,2,3,1,0,2,2,1,2,2,1,1,0,0,0,0,0,0,0,0,0,0,0,0,0,0,0,0,0,0,0,0,0,0,0,0,0,0,0,0,0,0
139,77,44,23,16,16,11,11,2,7,8,6,5,5,5,5,5,4,3,3,2,3,1,0,2,2,1,2,2,1,1,0,0,0,0,0,0,0,0,0,0,0,0,0,0,0,0,0,0,0,0,0,0,0,0,0,0,0,0,0,0
140,77,44,23,16,16,11,11,2,7,8,6,5,5,5,5,5,4,3,3,2,3,1,0,2,2,1,2,2,1,1,0,0,0,0,0,0,0,0,0,0,0,0,0,0,0,0,0,0,0,0,0,0,0,0,0,0,0,0,0,0
140,78,45,23,17,17,12,12,2,7,8,6,5,5,5,5,5,4,3,3,2,3,1,0,2,2,1,2,2,1,1,0,0,0,0,0,0,0,0,0,0,0,0,0,0,0,0,0,0,0,0,0,0,0,0,0,0,0,0,0,0
140,79,46,23,18,18,13,13,2,7,8,6,5,5,5,5,5,4,3,3,2,3,1,0,2,2,1,2,2,1,1,0,0,0,0,0,0,0,0,0,0,0,0,0,0,0,0,0,0,0,0,0,0,0,0,0,0,0,0,0,0
140,80,47,23,19,19,14,14,2,7,8,6,5,5,5,5,5,4,3,3,2,3,1,0,2,2,1,2,2,1,1,0,0,0,0,0,0,0,0,0,0,0,0,0,0,0,0,0,0,0,0,0,0,0,0,0,0,0,0,0,0
141,80,47,23,19,19,14,14,2,7,8,6,5,5,5,5,5,4,3,3,2,3,1,0,2,2,1,2,2,1,1,0,0,0,0,0,0,0,0,0,0,0,0,0,0,0,0,0,0,0,0,0,0,0,0,0,0,0,0,0,0
142,80,47,23,19,19,14,14,2,7,8,6,5,5,5,5,5,4,3,3,2,3,1,0,2,2,1,2,2,1,1,0,0,0,0,0,0,0,0,0,0,0,0,0,0,0,0,0,0,0,0,0,0,0,0,0,0,0,0,0,0
142,81,48,23,19,19,14,14,2,7,8,6,5,5,5,5,5,4,3,3,2,3,1,0,2,2,1,2,2,1,1,0,0,0,0,0,0,0,0,0,0,0,0,0,0,0,0,0,0,0,0,0,0,0,0,0,0,0,0,0,0
142,82,48,24,19,19,14,14,2,7,8,6,5,5,5,5,5,4,3,3,2,3,1,0,2,2,1,2,2,1,1,0,0,0,0,0,0,0,0,0,0,0,0,0,0,0,0,0,0,0,0,0,0,0,0,0,0,0,0,0,0
142,83,49,24,19,19,14,14,3,7,8,6,5,5,5,5,5,4,3,3,2,3,1,0,2,2,1,2,2,1,1,0,0,0,0,0,0,0,0,0,0,0,0,0,0,0,0,0,0,0,0,0,0,0,0,0,0,0,0,0,0
142,84,49,24,19,19,14,14,3,7,8,6,5,5,5,5,5,4,3,3,3,3,1,0,2,2,1,2,2,1,1,0,0,0,0,0,0,0,0,0,0,0,0,0,0,0,0,0,0,0,0,0,0,0,0,0,0,0,0,0,0
143,84,49,24,19,19,14,14,3,7,8,6,5,5,5,5,5,4,3,3,3,3,1,0,2,2,1,2,2,1,1,0,0,0,0,0,0,0,0,0,0,0,0,0,0,0,0,0,0,0,0,0,0,0,0,0,0,0,0,0,0
144,84,49,24,19,19,14,14,3,7,8,6,5,5,5,5,5,4,3,3,3,3,1,0,2,2,1,2,2,1,1,0,0,0,0,0,0,0,0,0,0,0,0,0,0,0,0,0,0,0,0,0,0,0,0,0,0,0,0,0,0
145,84,49,24,19,19,14,14,3,7,8,6,5,5,5,5,5,4,3,3,3,3,1,0,2,2,1,2,2,1,1,0,0,0,0,0,0,0,0,0,0,0,0,0,0,0,0,0,0,0,0,0,0,0,0,0,0,0,0,0,0
146,84,49,24,19,19,14,14,3,7,8,6,5,5,5,5,5,4,3,3,3,3,1,0,2,2,1,2,2,1,1,0,0,0,0,0,0,0,0,0,0,0,0,0,0,0,0,0,0,0,0,0,0,0,0,0,0,0,0,0,0
147,84,49,24,19,19,14,14,3,7,8,6,5,5,5,5,5,4,3,3,3,3,1,0,2,2,1,2,2,1,1,0,0,0,0,0,0,0,0,0,0,0,0,0,0,0,0,0,0,0,0,0,0,0,0,0,0,0,0,0,0
147,85,49,24,19,19,14,14,4,7,8,6,5,5,5,5,5,4,3,3,3,3,1,0,2,2,1,2,2,1,1,0,0,0,0,0,0,0,0,0,0,0,0,0,0,0,0,0,0,0,0,0,0,0,0,0,0,0,0,0,0
148,85,49,24,19,19,14,14,4,7,8,6,5,5,5,5,5,4,3,3,3,3,1,0,2,2,1,2,2,1,1,0,0,0,0,0,0,0,0,0,0,0,0,0,0,0,0,0,0,0,0,0,0,0,0,0,0,0,0,0,0
148,86,49,24,19,19,14,14,4,7,8,6,6,5,5,5,5,4,3,3,3,3,2,0,2,2,1,2,2,1,1,0,0,0,0,0,0,0,0,0,0,0,0,0,0,0,0,0,0,0,0,0,0,0,0,0,0,0,0,0,0
148,87,49,24,19,19,14,14,5,7,8,6,6,5,5,5,5,4,3,3,3,3,2,0,2,2,1,2,2,1,1,0,0,0,0,0,0,0,0,0,0,0,0,0,0,0,0,0,0,0,0,0,0,0,0,0,0,0,0,0,0
148,88,49,24,19,19,14,14,6,7,8,6,6,5,5,5,5,4,3,3,3,3,2,0,2,2,1,2,2,1,1,0,0,0,0,0,0,0,0,0,0,0,0,0,0,0,0,0,0,0,0,0,0,0,0,0,0,0,0,0,0
149,88,49,24,19,19,14,14,6,7,8,6,6,5,5,5,5,4,3,3,3,3,2,0,2,2,1,2,2,1,1,0,0,0,0,0,0,0,0,0,0,0,0,0,0,0,0,0,0,0,0,0,0,0,0,0,0,0,0,0,0
149,89,49,24,19,19,14,14,6,7,8,6,6,6,5,5,5,4,3,3,3,3,2,0,2,2,1,2,2,1,1,0,0,0,0,0,0,0,0,0,0,0,0,0,0,0,0,0,0,0,0,0,0,0,0,0,0,0,0,0,0
150,89,49,24,19,19,14,14,6,7,8,6,6,6,5,5,5,4,3,3,3,3,2,0,2,2,1,2,2,1,1,0,0,0,0,0,0,0,0,0,0,0,0,0,0,0,0,0,0,0,0,0,0,0,0,0,0,0,0,0,0
150,90,49,24,19,19,15,14,6,7,8,6,6,6,5,5,5,4,3,3,3,3,2,1,2,2,1,2,2,1,1,0,0,0,0,0,0,0,0,0,0,0,0,0,0,0,0,0,0,0,0,0,0,0,0,0,0,0,0,0,0
150,91,49,24,19,19,16,14,6,7,8,6,6,6,5,5,5,4,3,3,3,3,2,2,2,2,1,2,2,1,1,0,0,0,0,0,0,0,0,0,0,0,0,0,0,0,0,0,0,0,0,0,0,0,0,0,0,0,0,0,0
151,91,49,24,19,19,16,14,6,7,8,6,6,6,5,5,5,4,3,3,3,3,2,2,2,2,1,2,2,1,1,0,0,0,0,0,0,0,0,0,0,0,0,0,0,0,0,0,0,0,0,0,0,0,0,0,0,0,0,0,0
151,92,50,24,19,19,16,14,6,7,8,6,6,6,5,5,5,4,3,3,3,3,2,2,2,2,1,2,2,1,1,0,0,0,0,0,0,0,0,0,0,0,0,0,0,0,0,0,0,0,0,0,0,0,0,0,0,0,0,0,0
151,93,51,24,19,19,16,14,6,7,8,6,6,6,5,5,5,4,3,3,3,3,2,2,2,2,1,2,2,1,1,0,0,0,0,0,0,0,0,0,0,0,0,0,0,0,0,0,0,0,0,0,0,0,0,0,0,0,0,0,0
151,94,52,25,19,19,16,14,6,7,8,7,6,6,5,5,5,4,3,3,3,3,2,2,2,2,1,2,2,1,1,0,0,0,0,0,0,0,0,0,0,0,0,0,0,0,0,0,0,0,0,0,0,0,0,0,0,0,0,0,0
152,94,52,25,19,19,16,14,6,7,8,7,6,6,5,5,5,4,3,3,3,3,2,2,2,2,1,2,2,1,1,0,0,0,0,0,0,0,0,0,0,0,0,0,0,0,0,0,0,0,0,0,0,0,0,0,0,0,0,0,0
153,94,52,25,19,19,16,14,6,7,8,7,6,6,5,5,5,4,3,3,3,3,2,2,2,2,1,2,2,1,1,0,0,0,0,0,0,0,0,0,0,0,0,0,0,0,0,0,0,0,0,0,0,0,0,0,0,0,0,0,0
153,95,52,26,19,19,16,14,6,7,8,8,6,6,5,5,5,4,3,3,3,3,2,2,2,2,1,2,2,1,1,0,0,0,0,0,0,0,0,0,0,0,0,0,0,0,0,0,0,0,0,0,0,0,0,0,0,0,0,0,0
153,96,52,26,19,19,16,14,6,7,8,8,7,6,5,5,5,4,3,3,3,3,2,2,2,2,1,2,2,1,1,0,0,0,0,0,0,0,0,0,0,0,0,0,0,0,0,0,0,0,0,0,0,0,0,0,0,0,0,0,0
153,97,52,26,19,19,16,14,6,7,8,8,7,6,5,5,5,4,3,3,3,3,2,2,2,2,2,2,2,1,1,0,0,0,0,0,0,0,0,0,0,0,0,0,0,0,0,0,0,0,0,0,0,0,0,0,0,0,0,0,0
153,98,53,26,19,19,16,14,6,7,8,8,7,6,5,5,5,4,3,3,3,3,2,2,2,2,2,2,2,1,1,0,0,0,0,0,0,0,0,0,0,0,0,0,0,0,0,0,0,0,0,0,0,0,0,0,0,0,0,0,0
153,99,54,26,19,19,16,14,6,7,8,8,7,6,5,5,5,4,3,3,3,3,2,2,2,2,2,2,2,1,1,0,0,0,0,0,0,0,0,0,0,0,0,0,0,0,0,0,0,0,0,0,0,0,0,0,0,0,0,0,0
153,100,54,26,19,19,16,14,7,7,8,8,7,6,5,5,5,4,3,3,3,3,2,2,2,2,2,2,2,1,1,0,0,0,0,0,0,0,0,0,0,0,0,0,0,0,0,0,0,0,0,0,0,0,0,0,0,0,0,0,0
154,100,54,26,19,19,16,14,7,7,8,8,7,6,5,5,5,4,3,3,3,3,2,2,2,2,2,2,2,1,1,0,0,0,0,0,0,0,0,0,0,0,0,0,0,0,0,0,0,0,0,0,0,0,0,0,0,0,0,0,0
155,100,54,26,19,19,16,14,7,7,8,8,7,6,5,5,5,4,3,3,3,3,2,2,2,2,2,2,2,1,1,0,0,0,0,0,0,0,0,0,0,0,0,0,0,0,0,0,0,0,0,0,0,0,0,0,0,0,0,0,0
155,101,55,26,19,19,16,14,7,7,8,8,7,6,5,5,5,4,3,3,3,3,2,2,2,2,2,2,2,1,1,0,0,0,0,0,0,0,0,0,0,0,0,0,0,0,0,0,0,0,0,0,0,0,0,0,0,0,0,0,0
156,101,55,26,19,19,16,14,7,7,8,8,7,6,5,5,5,4,3,3,3,3,2,2,2,2,2,2,2,1,1,0,0,0,0,0,0,0,0,0,0,0,0,0,0,0,0,0,0,0,0,0,0,0,0,0,0,0,0,0,0
156,102,56,26,20,19,16,14,7,7,8,8,8,6,5,5,5,4,3,3,3,3,2,2,2,2,2,2,2,1,1,0,0,0,0,0,0,0,0,0,0,0,0,0,0,0,0,0,0,0,0,0,0,0,0,0,0,0,0,0,0
157,102,56,26,20,19,16,14,7,7,8,8,8,6,5,5,5,4,3,3,3,3,2,2,2,2,2,2,2,1,1,0,0,0,0,0,0,0,0,0,0,0,0,0,0,0,0,0,0,0,0,0,0,0,0,0,0,0,0,0,0
157,103,57,26,20,19,16,14,7,7,8,8,8,6,5,5,5,4,3,3,3,3,2,2,2,2,2,2,2,1,1,0,0,0,0,0,0,0,0,0,0,0,0,0,0,0,0,0,0,0,0,0,0,0,0,0,0,0,0,0,0
158,103,57,26,20,19,16,14,7,7,8,8,8,6,5,5,5,4,3,3,3,3,2,2,2,2,2,2,2,1,1,0,0,0,0,0,0,0,0,0,0,0,0,0,0,0,0,0,0,0,0,0,0,0,0,0,0,0,0,0,0
159,103,57,26,20,19,16,14,7,7,8,8,8,6,5,5,5,4,3,3,3,3,2,2,2,2,2,2,2,1,1,0,0,0,0,0,0,0,0,0,0,0,0,0,0,0,0,0,0,0,0,0,0,0,0,0,0,0,0,0,0
160,103,57,26,20,19,16,14,7,7,8,8,8,6,5,5,5,4,3,3,3,3,2,2,2,2,2,2,2,1,1,0,0,0,0,0,0,0,0,0,0,0,0,0,0,0,0,0,0,0,0,0,0,0,0,0,0,0,0,0,0
161,103,57,26,20,19,16,14,7,7,8,8,8,6,5,5,5,4,3,3,3,3,2,2,2,2,2,2,2,1,1,0,0,0,0,0,0,0,0,0,0,0,0,0,0,0,0,0,0,0,0,0,0,0,0,0,0,0,0,0,0
162,103,57,26,20,19,16,14,7,7,8,8,8,6,5,5,5,4,3,3,3,3,2,2,2,2,2,2,2,1,1,0,0,0,0,0,0,0,0,0,0,0,0,0,0,0,0,0,0,0,0,0,0,0,0,0,0,0,0,0,0
162,104,58,26,20,19,16,14,7,7,8,8,8,6,5,5,5,4,3,3,3,3,2,2,2,2,2,2,2,1,1,0,0,0,0,0,0,0,0,0,0,0,0,0,0,0,0,0,0,0,0,0,0,0,0,0,0,0,0,0,0
162,105,59,26,20,19,16,14,7,7,8,8,8,6,5,5,5,4,3,3,3,3,2,2,2,2,2,2,2,1,1,0,0,0,0,0,0,0,0,0,0,0,0,0,0,0,0,0,0,0,0,0,0,0,0,0,0,0,0,0,0
162,106,60,26,20,19,16,14,8,7,8,8,8,6,5,5,5,4,3,3,3,3,2,2,2,2,2,2,2,1,1,0,0,0,0,0,0,0,0,0,0,0,0,0,0,0,0,0,0,0,0,0,0,0,0,0,0,0,0,0,0
163,106,60,26,20,19,16,14,8,7,8,8,8,6,5,5,5,4,3,3,3,3,2,2,2,2,2,2,2,1,1,0,0,0,0,0,0,0,0,0,0,0,0,0,0,0,0,0,0,0,0,0,0,0,0,0,0,0,0,0,0
164,106,60,26,20,19,16,14,8,7,8,8,8,6,5,5,5,4,3,3,3,3,2,2,2,2,2,2,2,1,1,0,0,0,0,0,0,0,0,0,0,0,0,0,0,0,0,0,0,0,0,0,0,0,0,0,0,0,0,0,0
165,106,60,26,20,19,16,14,8,7,8,8,8,6,5,5,5,4,3,3,3,3,2,2,2,2,2,2,2,1,1,0,0,0,0,0,0,0,0,0,0,0,0,0,0,0,0,0,0,0,0,0,0,0,0,0,0,0,0,0,0
166,106,60,26,20,19,16,14,8,7,8,8,8,6,5,5,5,4,3,3,3,3,2,2,2,2,2,2,2,1,1,0,0,0,0,0,0,0,0,0,0,0,0,0,0,0,0,0,0,0,0,0,0,0,0,0,0,0,0,0,0
167,106,60,26,20,19,16,14,8,7,8,8,8,6,5,5,5,4,3,3,3,3,2,2,2,2,2,2,2,1,1,0,0,0,0,0,0,0,0,0,0,0,0,0,0,0,0,0,0,0,0,0,0,0,0,0,0,0,0,0,0
167,107,61,26,20,19,16,14,8,7,8,8,8,6,5,5,5,4,3,3,3,3,2,2,2,2,2,2,2,1,1,0,0,0,0,0,0,0,0,0,0,0,0,0,0,0,0,0,0,0,0,0,0,0,0,0,0,0,0,0,0
168,107,61,26,20,19,16,14,8,7,8,8,8,6,5,5,5,4,3,3,3,3,2,2,2,2,2,2,2,1,1,0,0,0,0,0,0,0,0,0,0,0,0,0,0,0,0,0,0,0,0,0,0,0,0,0,0,0,0,0,0
169,107,61,26,20,19,16,14,8,7,8,8,8,6,5,5,5,4,3,3,3,3,2,2,2,2,2,2,2,1,1,0,0,0,0,0,0,0,0,0,0,0,0,0,0,0,0,0,0,0,0,0,0,0,0,0,0,0,0,0,0
170,107,61,26,20,19,16,14,8,7,8,8,8,6,5,5,5,4,3,3,3,3,2,2,2,2,2,2,2,1,1,0,0,0,0,0,0,0,0,0,0,0,0,0,0,0,0,0,0,0,0,0,0,0,0,0,0,0,0,0,0
171,107,61,26,20,19,16,14,8,7,8,8,8,6,5,5,5,4,3,3,3,3,2,2,2,2,2,2,2,1,1,0,0,0,0,0,0,0,0,0,0,0,0,0,0,0,0,0,0,0,0,0,0,0,0,0,0,0,0,0,0
172,107,61,26,20,19,16,14,8,7,8,8,8,6,5,5,5,4,3,3,3,3,2,2,2,2,2,2,2,1,1,0,0,0,0,0,0,0,0,0,0,0,0,0,0,0,0,0,0,0,0,0,0,0,0,0,0,0,0,0,0
173,107,61,26,20,19,16,14,8,7,8,8,8,6,5,5,5,4,3,3,3,3,2,2,2,2,2,2,2,1,1,0,0,0,0,0,0,0,0,0,0,0,0,0,0,0,0,0,0,0,0,0,0,0,0,0,0,0,0,0,0
174,107,61,26,20,19,16,14,8,7,8,8,8,6,5,5,5,4,3,3,3,3,2,2,2,2,2,2,2,1,1,0,0,0,0,0,0,0,0,0,0,0,0,0,0,0,0,0,0,0,0,0,0,0,0,0,0,0,0,0,0
175,107,61,26,20,19,16,14,8,7,8,8,8,6,5,5,5,4,3,3,3,3,2,2,2,2,2,2,2,1,1,0,0,0,0,0,0,0,0,0,0,0,0,0,0,0,0,0,0,0,0,0,0,0,0,0,0,0,0,0,0
176,107,61,26,20,19,16,14,8,7,8,8,8,6,5,5,5,4,3,3,3,3,2,2,2,2,2,2,2,1,1,0,0,0,0,0,0,0,0,0,0,0,0,0,0,0,0,0,0,0,0,0,0,0,0,0,0,0,0,0,0
176,108,61,27,21,19,16,14,9,8,8,8,8,6,5,5,5,4,3,3,3,3,2,2,2,2,2,2,2,1,1,0,0,0,0,0,0,0,0,0,0,0,0,0,0,0,0,0,0,0,0,0,0,0,0,0,0,0,0,0,0
176,109,61,28,22,19,16,14,10,9,8,8,8,6,5,5,5,4,3,3,3,3,2,2,2,2,2,2,2,1,1,0,0,0,0,0,0,0,0,0,0,0,0,0,0,0,0,0,0,0,0,0,0,0,0,0,0,0,0,0,0
177,109,61,28,22,19,16,14,10,9,8,8,8,6,5,5,5,4,3,3,3,3,2,2,2,2,2,2,2,1,1,0,0,0,0,0,0,0,0,0,0,0,0,0,0,0,0,0,0,0,0,0,0,0,0,0,0,0,0,0,0
178,109,61,28,22,19,16,14,10,9,8,8,8,6,5,5,5,4,3,3,3,3,2,2,2,2,2,2,2,1,1,0,0,0,0,0,0,0,0,0,0,0,0,0,0,0,0,0,0,0,0,0,0,0,0,0,0,0,0,0,0
179,109,61,28,22,19,16,14,10,9,8,8,8,6,5,5,5,4,3,3,3,3,2,2,2,2,2,2,2,1,1,0,0,0,0,0,0,0,0,0,0,0,0,0,0,0,0,0,0,0,0,0,0,0,0,0,0,0,0,0,0
180,109,61,28,22,19,16,14,10,9,8,8,8,6,5,5,5,4,3,3,3,3,2,2,2,2,2,2,2,1,1,0,0,0,0,0,0,0,0,0,0,0,0,0,0,0,0,0,0,0,0,0,0,0,0,0,0,0,0,0,0
181,109,61,28,22,19,16,14,10,9,8,8,8,6,5,5,5,4,3,3,3,3,2,2,2,2,2,2,2,1,1,0,0,0,0,0,0,0,0,0,0,0,0,0,0,0,0,0,0,0,0,0,0,0,0,0,0,0,0,0,0
182,109,61,28,22,19,16,14,10,9,8,8,8,6,5,5,5,4,3,3,3,3,2,2,2,2,2,2,2,1,1,0,0,0,0,0,0,0,0,0,0,0,0,0,0,0,0,0,0,0,0,0,0,0,0,0,0,0,0,0,0
183,109,61,28,22,19,16,14,10,9,8,8,8,6,5,5,5,4,3,3,3,3,2,2,2,2,2,2,2,1,1,0,0,0,0,0,0,0,0,0,0,0,0,0,0,0,0,0,0,0,0,0,0,0,0,0,0,0,0,0,0
184,109,61,28,22,19,16,14,10,9,8,8,8,6,5,5,5,4,3,3,3,3,2,2,2,2,2,2,2,1,1,0,0,0,0,0,0,0,0,0,0,0,0,0,0,0,0,0,0,0,0,0,0,0,0,0,0,0,0,0,0
185,109,61,28,22,19,16,14,10,9,8,8,8,6,5,5,5,4,3,3,3,3,2,2,2,2,2,2,2,1,1,0,0,0,0,0,0,0,0,0,0,0,0,0,0,0,0,0,0,0,0,0,0,0,0,0,0,0,0,0,0
186,109,61,28,22,19,16,14,10,9,8,8,8,6,5,5,5,4,3,3,3,3,2,2,2,2,2,2,2,1,1,0,0,0,0,0,0,0,0,0,0,0,0,0,0,0,0,0,0,0,0,0,0,0,0,0,0,0,0,0,0
